category,revenue,orders,aov
Clothing,71073236.0,455,156204.91428571427
Electronics,74613394.0,469,159090.39232409382
Furniture,46400824.0,389,119282.32390745501
Home & Kitchen,45632851.0,394,115819.4187817259
Sports,16345519.0,219,74637.07305936073
