region,revenue,orders,aov
Central,47667694.0,185,257663.21081081082
East,48476754.0,184,263460.6195652174
North,51973913.0,185,280940.0702702703
South,49328965.0,177,278694.7175141243
West,56618498.0,194,291847.92783505155
